date,platform,lead_name,profile_or_url,problem,reply_or_action,status,next_follow_up,offer_mentioned,notes
2026-05-20,GitHub,jenishkafle777-web AgenticAI,https://github.com/jenishkafle777-web/AgenticAI/issues/3,"AI Workflow Audit + Prototype landing page","commented with intake-form framing and public checklist link",commented,2026-05-22,yes,"Relevant founder/building context. Watch for reply."
2026-05-20,GitHub,siddharth23P nox,https://github.com/siddharth23P/nox/issues/48,"AI workflow automation and agents feature design","commented with auditability/permission model advice and checklist link",commented,2026-05-22,yes,"Product feedback, not direct sales."
2026-05-20,GitHub,OneCompany via activepieces,https://github.com/activepieces/activepieces/issues/13231,"AI Workflow Engineer opportunity","commented interest and linked public proof repo",commented,2026-05-21,yes,"Potential revenue/job lead. Watch for recruiter response."
2026-05-20,GitHub,ATHARVA262005 ai-audit-shelf,https://github.com/ATHARVA262005/ai-audit-shelf/issues/1,"AI workflow audit/versioning tool looking for contributors","maintainer replied; docs PR merged; CLA signature requested",engaged,2026-06-03,yes,"Real maintainer engagement and merged public contribution. CLA requires user/legal approval before any response implying acceptance."
2026-05-20,GitHub,hkuwana hiroPersonalSite,https://github.com/hkuwana/hiroPersonalSite/issues/74,"AI workflow audit consulting section rebrand","commented with concrete offer framing and artifact-first positioning",commented,2026-05-22,yes,"High relevance positioning discussion."
2026-05-20,Reddit,Hot-Caterpillar-7102,https://www.reddit.com/r/n8n_ai_agents/comments/1tfkf0j/comment/omtg6e2/,"learning how to turn small-business AI automation into a paid service","replied with diagnostic-audit-first paid service path; no link or pitch",commented,2026-05-22,no,"Subreddit has self-promotion rule; watch for reply before mentioning Mary resources."
2026-05-28,GitHub,nestharus agent-core,https://github.com/nestharus/agent-core/issues/174,"RCA orchestrator missing audit-layer gates","commented with apply-gate-set output contract and manifest structure; no link or pitch",commented,2026-05-31,no,"High relevance to audit workflow systems; watch for response."
2026-05-30,GitHub,magicxiaomin dramadev,https://github.com/magicxiaomin/dramadev/issues/11,"review gate workflow or review gate docs","commented with review gate doc structure and needs-split/human-required contract; no link or pitch",commented,2026-06-02,no,"Relevant governance/docs lead. Watch for reply."
2026-05-31,GitHub,lucpez cloudporter,https://github.com/lucpez/cloudporter/issues/27,"manifest-level security audit command","maintainer replied and accepted json direction; Mary followed up on optional remediation/docs_url and suppression ids",engaged,2026-06-05,no,"Fresh high-fit audit-manifest lead. Ask sharper workflow/output questions if they continue."
2026-06-04,GitHub,oscharko-dev Keiko,https://github.com/oscharko-dev/Keiko/issues/186,"governed workflow handoff and patch-scope contracts","commented with human approval vs agent execution contract fields and consumer question; no link or pitch",commented,2026-06-07,no,"High-fit handoff/audit-evidence lead. Watch for response."
